create database regex;
use regex;
CREATE TABLE Students (
    StudentID INT PRIMARY KEY,
    StudentName VARCHAR(100),
    Department VARCHAR(50)
);

INSERT INTO Students (StudentID, StudentName, Department) VALUES
(1, 'Alice', 'Computer Science'),
(2, 'Bob', 'Computer Science'),
(3, 'Charlie', 'Mathematics'),
(4, 'Diana', 'Mathematics'),
(5, 'Eve', 'Physics');


CREATE TABLE Courses (
    CourseID INT PRIMARY KEY,
    CourseName VARCHAR(100),
    Department VARCHAR(50)
);

INSERT INTO Courses (CourseID, CourseName, Department) VALUES
(101, 'Data Structures', 'Computer Science'),
(102, 'Algorithms', 'Computer Science'),
(201, 'Calculus', 'Mathematics'),
(202, 'Linear Algebra', 'Mathematics'),
(301, 'Quantum Mechanics', 'Physics');

select * from Students;
select *  from Courses;

--   last table

CREATE TABLE Enrollments (
    StudentID INT,
    CourseID INT,
    Grade DECIMAL(5, 2),
    PRIMARY KEY (StudentID, CourseID),
    FOREIGN KEY (StudentID) REFERENCES Students(StudentID),
    FOREIGN KEY (CourseID) REFERENCES Courses(CourseID)
);

INSERT INTO Enrollments (StudentID, CourseID, Grade) VALUES
(1, 101, 88.5),
(1, 102, 92.0),
(2, 101, 76.0),
(2, 102, 81.5),
(3, 201, 85.0),
(3, 202, 90.0),
(4, 201, 78.0),
(4, 202, 82.5),
(5, 301, 91.0);


use regex;
select * from students;
select * from Enrollments;

select s. Studentid, s.Studentname, e.courseid, e.grade from students as s 
join Enrollments as e on s.StudentID = e.StudentId 
where e.grade >(select avg(grade) from Enrollments as ein where ein.courseid = e.courseid)